<?xml version="1.0" encoding="utf-8"?>
<database>
	<version>1.2.0</version>
    <name>jQuery Back Stretch</name>
	<uri>http://www.apprain.com</uri>
	<description><![CDATA[
            jQuery Back Stretch
		]]>
	</description>
	<author>Reazaul Karim</author>
	<author_uri>http://reazulk.wordpress.com</author_uri>
	<namespace>auto</namespace>
	<help>
		<![CDATA[
			<strong>Guide line</strong>  <br />
			- Click "ACTIVATE" link to install it.<br />
			- Requred hook name : home_page_banner.<br />
			- Edit Slides from : Aoolications >> jQuery Back Stretch.
		]]>
	</help>
	<checkfiles>
		<filepath>register.php</filepath>
	</checkfiles>
</database>